{"back_color": [0.0, 0.0, 0.0, 1], "back_palette": [[0.0, 0.0, 0.0, 1], [0.5002344172407334, 0.500235539132283, 0.5002376720408247, 1], [0.85, 0.85, 0.85, 1]], "back_color_samples": [0.5002344172407334, 0.500235539132283, 0.5002376720408247, 1]}